ID,Yield
ID_F9XXEXN2ADR2,600.50867
ID_SO3VW2X4QO93,402.34177
ID_UKUQ7JM8E894,563.5326
ID_QUISMWEZR2H4,307.38016
ID_25JGI455VKCZ,563.7421
ID_KQEAOXF3RPV6,411.26736
ID_FSNZCPW9HTD2,1088.2142
ID_U2TOPOA0T40S,326.38892
ID_XVQLSUKOT04J,1350.507
ID_EAZAU6IW58PK,138.48734
ID_WI17R25TC2VU,413.2789
ID_OPR9MJWG40U7,1576.2917
ID_P9K9GAHC6FX6,686.7707
ID_SCAOUCCTJ75Z,16.724037
ID_MUP1OS8GZR5E,810.70685
ID_WVBSZ9VBC9HE,661.64636
ID_9MGH1WIKFBNB,452.1984
ID_3M2O3EPOM18C,2068.7688
ID_K9MOR4N1FWIB,550.59796
ID_VJPUPMSQARO5,1336.4238
ID_7WIMK3DXIU3Q,1263.3026
ID_6QXVH0EUS60J,1049.219
ID_CA9GH6Q53A1Q,222.52545
ID_94KO4EQ6TA3S,265.0287
ID_2WH3AXUWRS2A,271.13364
ID_LBS8TBC6QEF1,307.30905
ID_Y3YARETW8RAP,1285.8302
ID_BY9JJAIKBRGP,434.07318
ID_0U5AM482W1DE,413.08408
ID_G0I28ORJC3OP,378.41373
ID_Q34ED4EMSA3R,700.4787
ID_LN3LXEG984XM,651.4757
ID_0JTIPPYRJND0,776.7009
ID_2MRD9I2X8UXB,201.20932
ID_KH1FHLUW2T4X,255.266
ID_RFM5MWSIU1JX,328.65933
ID_IAH2UTMDVU8F,215.83116
ID_9SNP46T1GSJI,764.323
ID_DSQ9ISYFW4DB,402.10587
ID_B8XYLC3NM6XD,27.33664
ID_HOG9LK4CTN8K,429.798
ID_L3RTRS1QIY6D,373.90768
ID_03QW4RBYQEBK,409.08533
ID_ZJSYN3ZHXK5K,867.43915
ID_UPRM76SZ7IJJ,657.1606
ID_YB866N9RY5TU,555.1942
ID_4H0KNHPKF9BK,193.66342
ID_TOIT03A3WTTD,302.9749
ID_4P7NKCB6LMJ5,40.443405
ID_1TIMGZJLRLWF,642.0109
ID_25E6065LQDON,657.328
ID_SOB9B3H12POE,913.63916
ID_A8RF0GQGJF5H,897.4667
ID_GT36LGF8SM8K,563.849
ID_E9OHGDA3U6DG,393.4263
ID_HXWHLMRE99CE,1298.1093
ID_3VL9DLFRG5A3,276.73575
ID_OKPI3DR2ZQPJ,317.2936
ID_XZO6ECCAOC94,949.274
ID_4X2UWYR6RIE2,875.46954
ID_1LVAHN6PZYBS,817.25336
ID_HRAJFKTPCNWQ,2028.888
ID_TK4H5NRKHOE8,361.54514
ID_9U0UBT1J8152,334.34708
ID_3EUKVYT37JOP,277.88937
ID_1499QWPPW755,469.91946
ID_ULWP3J0G860C,364.98224
ID_51FSB3P7RO7F,597.47
ID_FHMVP6OM4GDX,1931.9111
ID_2OICAUFVUF5S,208.09631
ID_ZGCFHIHAIC5U,409.93243
ID_SR592R346POT,1333.0021
ID_IW7UUDAW8LI0,390.41403
ID_UNWZCF6L3JHJ,378.9942
ID_Z4FXX0BNPHCO,697.232
ID_T18YB26T1R72,404.55176
ID_LXZWOINVI194,567.14386
ID_QNQJS14C9JJR,1873.0813
ID_NTPIQUV3J2G6,901.7713
ID_PVQOEEDTISZ0,1.3251483
ID_PNB65ASGG3U5,376.51608
ID_KWPXATBZDX9T,475.9822
ID_0G0F9TOR4IMI,1535.338
ID_FVLMABW5Y6X2,1312.1227
ID_O2PL38IY50T5,1188.1024
ID_CNG8Z00FPPMP,737.2187
ID_641DSHBH8JAF,1089.1046
ID_Y14QXUKOFJ4H,293.2958
ID_DRP3WZV4BNIE,584.6644
ID_TMXV7UW39T80,215.59766
ID_0L8O49SS6MQM,514.05524
ID_UGTG0XQELY2U,410.89532
ID_0YZYA9AXL9Z2,303.68835
ID_KNOK4V0IWVUO,170.52164
ID_YX4DF17Z25RV,418.45575
ID_2YAZXP3AEDVO,341.68896
ID_YNACZPCVVI09,2004.5746
ID_75GYXJW1DYGX,308.13684
ID_YRCMJRFRTU2K,443.23325
ID_1L4WBTHTDQMP,644.7005
ID_RO0XF0TFLRG6,621.7443
ID_NJ7G0SAVDN1Q,338.0831
ID_UFPM6MLG1BJK,54.54291
ID_ULY51B6WQ9FV,1076.0427
ID_CR6L4TL2VEEM,245.71982
ID_4YRSPS7X1V7Q,373.98654
ID_ILQ5YE78E0SD,265.43253
ID_WDNXY8YRA10N,387.42767
ID_WYK6LRWQ21ML,314.73602
ID_EBA4QUGDXB5I,1091.6211
ID_2WCWAKQKRA74,687.81085
ID_FTSIEXKUER9Y,337.16553
ID_64BCOW7PEP3E,160.9961
ID_0N5TFB55JBOB,792.5361
ID_9AE1OJ45UFJ3,531.0982
ID_NJWAR6L7X4Q6,746.47095
ID_W8U6J9PKGGGI,388.6067
ID_WJUUIJMPNLHW,499.28714
ID_S7F4L5OW7OKD,999.0921
ID_Y0OX05BLLQPI,221.63953
ID_XJ7ULGKCALNF,589.58044
ID_8NU1PZBDI5C7,1140.3988
ID_CPPN31R20CBA,553.846
ID_D20Z6VEJBE6K,26.695139
ID_N6RSTF2IR5GL,508.6664
ID_DJBLGDPMS85M,1.169816
ID_34J19EEKSSHY,912.8851
ID_P8MQS1ERUQ9F,294.94055
ID_U07HHH2EG6K1,820.6481
ID_IKAOSO0CFKYZ,178.93599
ID_NHQ2WMFGNBS1,319.21887
ID_FRJ3P7XDG7OV,554.1966
ID_5N0W8ZFFAIQX,464.49838
ID_OFSHZ2KZ1LQ4,-8.170273
ID_A6C1G6XUATUE,147.45326
ID_N99MP1180BJ5,221.7214
ID_D5F8SLVPMZKE,231.53822
ID_49QTISSSNQ0M,639.80493
ID_S1WHDBHNKLYO,342.4764
ID_9YE4VBW3W1WJ,414.0038
ID_7SWZRG2B52YI,376.1306
ID_41XNQZ8M4QXH,361.39014
ID_SIB0PJZQMRBO,347.67822
ID_M47IW492SXOP,213.58485
ID_MTUJW5V02DWQ,753.1896
ID_Y108HSDX00WC,1011.4513
ID_QRD8JCO8QWCF,117.137115
ID_RIP1ZN0ST7I3,9.755342
ID_BPS356NV28J7,991.8495
ID_0KANA1KYEQKW,178.57776
ID_80MMCWDS27VC,1447.1433
ID_CH1WWOXBV7L8,351.3504
ID_PM7YZSDTN1OI,644.3998
ID_FR4XH94DJW50,618.0225
ID_D1IDORABBOBP,531.4539
ID_0BE8BMWG3A68,523.30896
ID_RY2QD5TLB4US,426.48605
ID_S8D99RRNCOMC,1153.0778
ID_YZLW773BTIA3,317.0655
ID_FL8VHWG97QTI,802.7897
ID_JVLT86OR9T15,677.39264
ID_NBSTAXAZ24X0,1037.6664
ID_43VRMQQ5E60F,771.58435
ID_HI4ACMU7M13J,425.6826
ID_UI96L3AE8YXY,594.2042
ID_UXRI6OXKF50S,811.0078
ID_FW06NS2YA7QW,414.07654
ID_RA5OO0JVNOUF,455.29337
ID_EVGU94YQTZWM,155.11537
ID_GHANLFEJN9UW,204.43626
ID_HXBFX8X2DD7B,916.675
ID_KUNLQSF5FM19,559.16437
ID_7XXH76413XNT,613.1626
ID_D58TIQKQLU7Q,359.65967
ID_W5CLRPVGFRKH,979.5369
ID_A3Y0OIB0BE59,373.4924
ID_C74NLELOCNTS,1501.0708
ID_2FIGN89QV44C,69.633995
ID_QN4PJSV2CGSJ,284.7757
ID_V5W6AZBTURWA,411.83563
ID_L6E0GOTVHSCD,678.16614
ID_Q95BUWXK8RM3,175.49802
ID_5TLXCFLTYF1F,456.01254
ID_GLBHSYJG9S5B,1362.9149
ID_3X3YHRC7IIN9,676.96387
ID_5H724YS64665,994.82074
ID_U4Z5RN88FCZM,616.05444
ID_05TGZGOMI6MF,422.03854
ID_0GCZV8RUSZK6,403.58923
ID_UV06K1FM1SB5,429.30124
ID_RCJZ3PORBWFV,37.51327
ID_W1NL5CU9VHQS,440.67993
ID_2WIYFQHMJPYD,718.9113
ID_BFFULEU6PVQ9,115.21846
ID_JN31K11BXQ0E,334.12653
ID_DS40FHVR9R7F,314.75513
ID_DNOT9DTVZ6MQ,760.6228
ID_Z58PO8MMX8YV,741.13043
ID_NEYMBJKFHN1X,470.11554
ID_RND7MNSA6LWV,314.30878
ID_U407VXC7F9NZ,349.40384
ID_ES753BBA75GB,137.53252
ID_APRL4BTWWRW9,320.9
ID_S909ZPBZ39II,258.19016
ID_YYFP9SWEV0U5,1165.3635
ID_25EBTESPBHGZ,717.0646
ID_W0W8TG7XRWE3,228.03699
ID_0FU2BPIOTMVD,740.77954
ID_OF817VW3STNX,476.3429
ID_7QATIJ9YSL1K,1659.7772
ID_LBPW7URC7BBW,603.56464
ID_7WYQ81JCM9V3,163.22412
ID_JGSVOGVN6522,680.15906
ID_TOUB2GY1ZHXT,726.9677
ID_9AJCTSUQG7FZ,536.64496
ID_VKOZPEUVSDI8,631.5358
ID_UG5GQ68S58OW,505.6274
ID_4RB8XK2ZB1IR,822.5887
ID_Z3P4T6K6P2ED,218.68758
ID_VUGTKX63R5P0,361.68076
ID_XMF3Q64FMLBK,497.81396
ID_DTWCZ9G9C8WD,1045.2622
ID_0MNYHJUPIOIT,227.49449
ID_ZGAL960JTO3R,1130.0076
ID_PK835TJNER3I,699.90454
ID_KVGPYMSHB2WJ,313.96326
ID_OWIQYP0I1HGW,1143.1049
ID_7RS2XDILJLBL,390.8581
ID_EDCLK08NMF0N,428.34125
ID_97Y87C3ANP5B,358.9755
ID_D3SKVOTTB4KQ,265.55713
ID_APFVFYM11UU0,1767.1462
ID_TAIVU9LHBYZ8,532.43585
ID_NTR94XDRQIHZ,241.34172
ID_8QCOFS2HXOJQ,409.76108
ID_7ZZVZZH08UWF,429.7412
ID_9NGVV4V11YU2,352.0385
ID_5G8RKC18KLXV,529.4427
ID_BSVRMHEKDQKD,444.9069
ID_6Z12209FUIAT,764.46716
ID_IRBHYP3G7UXU,311.03766
ID_9PH4KNPDDVWS,804.5704
ID_S4G0N1TJEDUG,357.4303
ID_OP7NSDQGR6AE,29.083136
ID_32RIU94UJDHI,1646.0289
ID_85WKQYHE0W5H,1336.1997
ID_2T4I23J42NUP,395.34933
ID_LOJZM912S2TH,488.46204
ID_FQAR45VD4PQ5,685.4798
ID_RA4Y3ZL70BWO,1159.2391
ID_UH3QT7I1O24Q,157.66306
ID_P9OZQ56CX2YO,517.8938
ID_RB24VMV9FIGM,354.05817
ID_XECRIM8DR00Z,1070.8606
ID_EYIQ79MA3T5E,786.88116
ID_B0QBM2S1R9S7,220.11607
ID_1L74BG9P0TKX,768.7567
ID_141KG0TOOCJ6,771.3538
ID_IMKLSNJKVI4P,266.91037
ID_253P6J7D92PW,420.88034
ID_PCC17RCZX06S,401.20108
ID_7MUPVDZE1ZWB,1167.3289
ID_O994OZU1NP7E,591.6455
ID_RFVKSMVILY31,485.4765
ID_MTR7TTJ5LSBE,154.2546
ID_87QM8DS5HSU7,1296.6273
ID_8KXPBLV53NZK,612.2354
ID_LQVS4LC3YRMB,501.32025
ID_ISVACTKT5MAA,386.57156
ID_C64B9DUNSCM1,209.95288
ID_ZXAE37OWUMFI,395.01035
ID_L7Y4MKY66OSL,601.52826
ID_TZ1FUOUR0Y8X,1003.376
ID_D7HMR45HU1ZW,454.69348
ID_UCZXI2H7S2YD,247.03224
ID_7TU75PUQP312,2138.515
ID_4ULCEP364DAF,511.8506
ID_8EOY07K5LOC4,356.0872
ID_NK47MAUWJ8Z5,115.70582
ID_8ZCGIWU6GZLO,289.8849
ID_SNIWSZ237UOD,300.7003
ID_7LDSCZ2OPT0K,537.29
ID_TK2TH4JSJ1KB,227.35054
ID_UUXFZKSR58SC,320.36166
ID_EVACECC6XIW9,1585.5052
ID_U2LSES0Y4I3C,1585.8204
ID_NEGU2TDNC4Y0,194.93042
ID_WCBHSOBP51H1,253.67056
ID_SVRQ4NGZFMMP,899.83234
ID_5TBBUKHYJ1KI,595.5855
ID_4AOR8R30LNOD,419.01257
ID_5XOUKBLNO7AC,460.1269
ID_IQZTM1J018FS,735.302
ID_Q9VXX3O6IZOD,256.73096
ID_HTEQD0S6QIB8,280.1354
ID_0GFT8KE7O9RP,808.7002
ID_SHFI8L6O4DQ3,727.9591
ID_64MUBP88ECF6,374.72784
ID_EHYBYH7QLOSL,164.97366
ID_GTGEI6PS93QJ,1353.8093
ID_TL9C9OJ8G68U,246.40222
ID_SM1GWL52K1F8,460.0749
ID_DZW8R8ONEU66,454.99722
ID_HBDA4P8811S8,856.96704
ID_CJQOTSL074N8,646.91754
ID_KZ0X60V9XQIG,1953.205
ID_0TWFZTV06NYT,656.4215
ID_PVJN35A46C0K,558.5857
ID_D732BOTXBLSI,383.3614
ID_342GB00NU2X8,212.4453
ID_AQUL5HCLWJPM,1229.5336
ID_VU3938I1G9Z0,816.4209
ID_Y2ZY2HDPU6PE,407.60526
ID_SJD77GLF5ZFJ,518.9741
ID_3T35R9QJBF2M,407.02893
ID_NQUTMXXK59YN,533.7589
ID_SV7AFMBC72LB,185.33513
ID_PAPK30H37SIW,898.6364
ID_URRQOVPPCBQ4,214.5209
ID_CQPXYYK4KGB7,328.97598
ID_RJIJXF4OS4RL,4.639801
ID_APUXW8HC4K6B,1269.3612
ID_61Q9C9GGPHDI,1382.7386
ID_ZWZRMNC7OOCV,238.35162
ID_IYKX7HR08L6A,48.051792
ID_AIG281L5ZHU8,213.12605
ID_NHUOZPKIO0BR,395.59967
ID_LLYN4K7KIT4R,432.87427
ID_0TSE5OLEV8WK,386.23895
ID_H992DU9HM8DQ,291.85934
ID_UK0CBXPBQ5RY,1387.1233
ID_RDPY3EBXFJ5O,1128.7506
ID_5L97TY473GY5,1226.4604
ID_5B1X9MC1IFX0,399.02747
ID_ECWVAC40SNWB,2369.0144
ID_OE87AT5TAUEI,1993.5466
ID_XR12GEBM8H2K,1216.0747
ID_LJ2AP4BNL25Y,557.85
ID_LH311ABG9XDL,324.96878
ID_HXONOBB4HD6T,1817.1202
ID_7AOOKABBB6N8,1500.9487
ID_Z17C9TLMF1MJ,217.75093
ID_3PUBL95YQ1AF,779.7159
ID_3RUIBILNO5TH,37.261368
ID_9VMYZE08M98X,781.5718
ID_6SDJYMNC1T2Z,108.66582
ID_61DT371A8JKT,311.91235
ID_R51LYLFQUFIL,797.7837
ID_MJYLQ159US1Y,1018.5907
ID_QQHLY17D6RBD,1238.6364
ID_Y84JBGTU3NGV,649.99963
ID_V8BHOZICY6IF,354.94305
ID_DZ1R5TGC156F,654.53613
ID_UQTR8CQ5LH50,1460.9216
ID_CK56LDNW1478,765.8285
ID_QJGUBXWDDCRS,718.932
ID_H7YHR5OTSNS5,215.56499
ID_8FRJCZZGLIRC,752.7611
ID_U29DLWFB48GG,283.25177
ID_W3OHI7MAVC24,156.36066
ID_1ZY88AN5LZD4,458.4535
ID_OC5EEB6B892L,847.0104
ID_CMWPG2PIB75R,654.0517
ID_NWEI411ITDHM,811.268
ID_G49PUGN2HFAD,314.80746
ID_GSNP1IEZEQBC,532.88434
ID_GJUS6RREHQ81,785.572
ID_7F8MCGYBVNP9,404.61316
ID_0L3CDZHQMEW6,691.61456
ID_WWW8P7C0BWWD,319.63474
ID_K5SN27S6ODNO,868.11316
ID_UFYYFX1MOUMV,625.5394
ID_D0724QR6ZQQF,1560.5526
ID_PMSOXFT4FYDW,2904.5276
ID_SO7VGCA3U32O,569.7433
ID_FRF1EVPIL6HX,810.1178
ID_82CBKU1NDJ0V,1035.4637
ID_RX8DANVXO123,370.2253
ID_ILC9A9DN5G2Z,731.0409
ID_2GDKRWUIWI9Y,158.35014
ID_RBQ5VAV4DJ5G,761.7656
ID_UOQYVR79LGBI,528.9588
ID_K6AD8QUXXR6Y,64.4537
ID_J342KZ43X2VJ,586.186
ID_XPEQ4HVRRQX3,2649.2615
ID_AJUG34L464MU,772.7346
ID_JF3KG0PYDKQF,1881.7462
ID_L9Y3DAFA0E72,560.2896
ID_E6BGEQJGO571,224.74437
ID_SP088I6KHJYU,356.0818
ID_044M7JJ7F7ZH,828.65485
ID_FWCKHCWUI2ZA,379.58423
ID_RYVNAORY2187,237.13385
ID_AKABUF8B09YM,814.5839
ID_S2JJQXZHA1AS,485.74564
ID_4QOOOG43P1EL,1074.6039
ID_X7Y0DSAFDFLN,755.0379
ID_HBHBHNCY4HVH,401.65213
ID_BD6WGXMV0N9M,381.71576
ID_L96Q9Y8ZKZ8E,1237.221
ID_THWRW6UMVR43,313.7136
ID_BORVFDCCKT0H,748.88855
ID_2L25K22ZLQPZ,471.06866
ID_YUL27A9GYMND,463.27783
ID_8MKACM85VSCS,2555.8303
ID_4060CUEUW7HI,361.98547
ID_Q0SM7VK3YP8B,180.82635
ID_KFDMKLKS776M,433.29947
ID_JFSU9KK3JSCO,1757.4985
ID_YDVQY6M9SDE1,360.9573
ID_24UQHTEAU2MZ,362.18646
ID_SGZSFYIOBIN2,573.99536
ID_JNBPHXXIFBMH,369.49515
ID_ZDH7Q9PB2ZFC,356.21222
ID_Z8L5CROZXDD9,694.02045
ID_BFWA63TCREXQ,366.79517
ID_M3DHWRLA56N4,1291.7355
ID_7QNMKE9U82HO,1114.6492
ID_75A7EFD9RIO4,140.79436
ID_ZGRBK42R4LAE,436.15796
ID_E69IMEJ5DN9Q,419.06262
ID_9GU549TH7ZK3,1139.3413
ID_32IOWXYS1DUU,184.69667
ID_055AL1ZL5ZQ3,115.10752
ID_1D24WF1F56XL,220.20052
ID_C8563RHWH4R1,366.29623
ID_FWYXQF7RP0NA,640.77136
ID_RUQF0NVO7GUP,149.3374
ID_U51NJXF1ANRX,299.71164
ID_52E5N2X6YPZC,418.23013
ID_5605KFWD5KLI,668.9052
ID_RP1T12JOZ0W5,469.1353
ID_1NJF183VW7MV,111.11383
ID_YBW0BLUZSB09,572.3079
ID_EMWY1EBQA2OW,10.199826
ID_PRZUQ2CC6YQL,905.99677
ID_DR9MHVZLS2J3,67.46637
ID_F9Z4KJ1ATXQX,447.41272
ID_1IEQS1MMJVNU,1216.1666
ID_Y5OJFJ4ELKBO,1925.698
ID_OYZLWHPXC232,56.86113
ID_RIJPB9ZK7QMJ,470.74545
ID_5YLAHA1RPCLZ,620.39734
ID_7YD43YGQEHAG,218.04494
ID_Z2128MPPJH3I,368.18192
ID_6E9C80EV7UVB,613.6626
ID_V292OF4LJFY6,540.08453
ID_GZWEN5J0753A,168.03215
ID_DZJI74TH27S2,628.7266
ID_VB20G3017OT3,1432.7468
ID_PFR5TR9NSJ44,831.5329
ID_CGEMGXF9GKAN,793.20905
ID_UQN5YELSPFW4,610.1628
ID_9KQ04PBVJQ2Z,665.18036
ID_4XS5DB6R0W1W,2859.9858
ID_0LIP6T5ZSM47,805.5334
ID_EKT3T87PW61E,377.5469
ID_8APYWALBVJJG,644.9913
ID_IZNAGRDXI416,541.57904
ID_O8JW768V2WBT,862.844
ID_QB1EGGOG4PKU,378.98044
ID_QL474TRJZ4KT,304.19412
ID_JS00JMA9OC55,208.87128
ID_KX93WT2WM8KI,505.7771
ID_88T4KAWBOXD2,767.586
ID_AYEXJ449FHYB,229.11928
ID_WAMWUG0WHB97,1100.9276
ID_MNSBZZRLVYAB,512.244
ID_NIO4I0V8DWYJ,114.20157
ID_NIZWE5DL0ZEP,844.38654
ID_9NCKQGLK3SD9,348.58862
ID_5OSGLVZW9D29,860.47815
ID_6XPJZR8ZCIC2,299.45828
ID_IY0SP642OW24,703.4635
ID_RIYH64Y97QRK,875.47614
ID_XSP6B48LKWT8,474.88327
ID_W753O33BW3BB,405.72937
ID_RWJ0XTITY982,2003.4507
ID_EUEIBIX6TBO2,387.33313
ID_WH5AACW8DNG9,263.7107
ID_NKCHBHQGHFQJ,408.40192
ID_55LF7DAPVUM9,426.68927
ID_QCVF1IC80H55,377.0377
ID_TTYI3X4FHRSK,692.36755
ID_FAVZ1A7JE66Y,205.28879
ID_K3QDY7VQTJ4Z,470.9748
ID_SXVSUXY5UZAB,113.61182
ID_5K5QDTT6M6RR,487.04956
ID_LVWYORSZVO3S,270.99167
ID_6ECLIA2352NF,191.52515
ID_W9B36B5RXLXB,1547.2775
ID_FBND5TKBJU4V,294.01666
ID_IEG1EPIW3QJE,614.5813
ID_XBAKEC3FGVOI,301.24176
ID_YX1YSBJPV00F,228.11415
ID_CNJ0199EZ0Z5,214.05171
ID_9HZRXVLF8O7Q,448.53607
ID_N8DOGSGMLEEF,348.62933
ID_QTT6DFO6C20M,235.02011
ID_84TIYB63GU2Q,172.94473
ID_I13964DD6KTD,425.5518
ID_31NJ27Y0VJFL,266.37704
ID_SFCM114U57TL,201.36108
ID_JO7PGDO0GSL6,611.1386
ID_GL342CDVL9P5,451.8956
ID_89HGYIT9L72K,521.4371
ID_GMN55BKSKYR7,1939.7144
ID_IPCZ9G8W2MEV,818.0395
ID_YTTWCTKL25FS,784.2431
ID_RXK77X7AJU1K,432.26355
ID_7DF2UHVO2YDW,578.0904
ID_S8ILQIMNR33S,810.2168
ID_9CZKHNKM1I86,504.68835
ID_QV0YP4S4M4EW,492.81378
ID_6NW6LZZP4YSO,855.6575
ID_11VV8EJUCW0H,2679.502
ID_12B9ODTQEDJP,454.67807
ID_O9F0DSRI883S,328.79092
ID_UGZM1YTX1O1E,480.647
ID_K9QDUU90W0VF,540.0814
ID_NSYRKSMPHBU1,696.5942
ID_VTPNQBR81BM9,639.1649
ID_39OMID9QCOG0,442.99362
ID_1PEZ9AQEX5YZ,571.23254
ID_KMV01O5FI1RE,204.78348
ID_D8YY9UAL3DUU,1222.765
ID_MK1LEGI0K09C,693.0421
ID_SIGZ0JBXQGOV,261.9403
ID_TVKRFN7WM03R,293.87888
ID_0BEO9O1TBGD7,430.9516
ID_0LAUIA0BNIC1,329.2428
ID_J3ASN4NEHJWU,450.00674
ID_E0C4Y5E20718,847.16986
ID_42C9CZBA94GA,255.91661
ID_YR8ZM2POXIMW,197.3315
ID_CI5T4HTPFSD5,2343.34
ID_A43CG1H8ISRO,434.42676
ID_3CEHUW3S0G0K,970.7458
ID_TXB3AVJR817F,448.6294
ID_EARHOHWMJBZN,849.7912
ID_3VLU0ZG4HZCJ,343.03076
ID_BXY0XWQ3PB64,767.29266
ID_QRR9XFG9T842,557.1711
ID_EUX6TSC8JHCM,346.61008
ID_QFOI09YR3VXI,423.96478
ID_YV25FQOXZ8MV,0.7285612
ID_7FQESEUZAD3Z,322.16452
ID_CNWL7DTP3YX4,320.03354
ID_T55BT4VODB0E,181.02188
ID_RV1AQV8A2YO5,987.31793
ID_4LD71OA2HWJA,407.70328
ID_MURY55Z0UGAN,325.28494
ID_N2FMG5146H3F,277.1213
ID_UTINEMLC3YZ8,356.69272
ID_2YV5CPEX8PQX,990.143
ID_G04CAJF9PJPJ,320.06323
ID_VQQC20SF8PFA,287.6468
ID_XLERVZJLB89L,557.15704
ID_55VQDPWDVUJN,1027.6196
ID_ZQ8CAFATMFQ4,197.78368
ID_G0F3TN5NG6BH,268.93674
ID_PF85WDFZ5SIC,339.95667
ID_LPA096T2PA37,336.47012
ID_TOJV71OD5IJA,517.75586
ID_OC71Q8G1PU9X,696.4518
ID_ALXWTRGLKYET,463.03925
ID_L25QRS7Z1I48,648.7797
ID_ZJX6UR06AOQN,155.14423
ID_J18Z7G8MKNNW,876.93555
ID_A1FRWN0WLOW3,626.4678
ID_1WMN80LOMPYX,630.484
ID_PN8SLC70UAFU,420.93414
ID_Y0VLNN9FFCDB,1143.356
ID_KSNG2EHQWVN2,1630.1631
ID_6W3UCOWAIKFY,231.84279
ID_SAMIPB6FVS35,613.2493
ID_5XWLZR0M55MG,726.36633
ID_XS38KEFXELD5,437.94843
ID_59TDKRUHGJTU,406.26328
ID_LA52IZ1MKC63,143.77477
ID_HUS8E1K54UTE,652.1791
ID_I13GK4NJXW16,1255.3474
ID_VNANLNWRQBB6,523.86816
ID_S9RY48JU1EY7,641.20496
ID_4STCBR16P9VP,1105.6172
ID_8975M70FEDGV,1466.5599
ID_DUBR80BZKU6Y,311.1152
ID_MAEEJ3FRNXBQ,327.1637
ID_H4AAIXVXUTIW,1758.6638
ID_9O8JMRL331Z1,244.48398
ID_NGSCERQ2QDX4,421.9981
ID_6LCF9GFNTUHP,347.88214
ID_P1FUZAFI9H4Z,756.248
ID_98FVLR8JYSIK,880.9362
ID_21Q3Q5YNLZZX,714.7039
ID_PBBKRFRQIL4M,334.70084
ID_XUQ4DJPJN922,379.07227
ID_XN9SQO2E71Y5,375.85742
ID_16EL4RBE07V4,429.3164
ID_J9A3XKAY092U,467.2065
ID_SI3U6TVMFSLR,1522.0626
ID_MZPNEAO40UOF,633.2508
ID_JMOP4XUA0I7Z,386.0036
ID_3K7O1OS7SC87,882.1319
ID_1FKKC1Y469H8,486.60492
ID_KLWMKKI8XBMZ,400.94965
ID_INV1UN5XSNO4,431.5693
ID_FCP0ZRWKWL2B,1227.913
ID_L7DSNSBA5RQQ,240.21844
ID_SECEK6SG1NI8,2268.5312
ID_ZZH6SDGIBPVQ,787.8377
ID_NKCBC5AYF2O5,839.8415
ID_HCUH5OSOLYNC,444.87704
ID_P2YVKXAWU6J2,805.7991
ID_H5DAKY1IT85H,1466.8434
ID_FN2NLEWDMB6D,318.31653
ID_FQRTZI314E4V,2004.5476
ID_605VN4QHNIDI,368.6435
ID_J9MMOAJFJ2J9,373.2204
ID_2N51RJM7IWTE,479.73038
ID_G7LKS3J2NRV9,592.1663
ID_B75HPYZV9PLR,896.6805
ID_IJFSC215A8T5,256.2099
ID_XUJ8JAS1QTG5,126.41046
ID_OC29SB0GECK9,385.6973
ID_0ZW1XY8NZ5AA,131.54256
ID_XUYVTZH1U6V5,554.0354
ID_TUQ7O8VZEO8Q,1148.126
ID_XL5X7DAJMM1B,394.67258
ID_6GOHOWR9UQEB,556.91296
ID_OSG7JPS4CTQ6,638.7619
ID_TYWY3ZJA2J5I,1922.5349
ID_E8R8OU0PL6KU,1003.6732
ID_NVSZ1QLGBUT6,368.71158
ID_B6DWB2FSMPKC,394.17392
ID_P0UJZBSPVHUE,1256.6814
ID_O9LKW41W3CE6,265.84192
ID_APVY0ZAA2T96,316.8877
ID_DXH0G1YZBCCY,789.43134
ID_50FMQ8VLWTYD,1109.9352
ID_MPXG6OFK28RA,1258.0566
ID_KO5Q9YHKSLDL,756.8754
ID_5RN40WEWP1EL,594.7213
ID_C22JIXZIZSL4,418.74832
ID_9DQB1KQZBTV8,305.7074
ID_CQHWUNCL5PCX,452.0832
ID_J5OEXVDCNB0P,757.9889
ID_RDH6HLOB2U92,296.92
ID_8TPHQ60JF6EX,410.67078
ID_1PB93FWUQFQB,315.3209
ID_3N976J1OGQLO,676.1538
ID_7KUFT15M92QJ,473.73923
ID_PCCPOOUSGB06,195.43297
ID_3FRDNPVY5FNP,1792.9893
ID_BK9ZR4TDE7NZ,568.59894
ID_OUWYLUIH2R51,499.2042
ID_L5ZLQMRH6KKF,597.9107
ID_Q4UW4DG55OJW,682.4356
ID_OYF1ASPZJQNP,522.0084
ID_GZUUS62OBWF1,1278.5974
ID_KKZDBKDWVPID,353.30783
ID_YCYMKBL2CA1K,356.80984
ID_KHTP23X20T5I,416.33337
ID_PVCGOZWIYCRW,1802.8557
ID_32NAED58MFBN,926.90875
ID_N20MRZDYH6K2,818.3512
ID_DBTQY3BIX7K1,311.54364
ID_VXHEQJCSAEGO,351.67535
ID_1UBFDMDD35E0,404.15457
ID_UTQLHUO15C6P,1290.7112
ID_KUQSQP4UEPNX,2408.7568
ID_NG1BV8SLDLT6,235.64323
ID_3WE5BFF4QQ07,386.6276
ID_OJCKZSAW11FT,813.7116
ID_01FMRJ8CZ1B9,291.30194
ID_UFCY75JEV9LT,344.90228
ID_2EZWQR6H2KMD,819.60333
ID_VDBLFDMIL8NG,762.6769
ID_AT56XBOIGQNE,984.65625
ID_AXZDBVR3IUR6,346.69864
ID_2TXCT78Y3PKC,361.4717
ID_VR4Q2KY91Y7I,512.12384
ID_EQO0B00UOJ18,404.96994
ID_80IN0NOG3IGG,308.90234
ID_52G244TD18XX,513.0165
ID_VU2RGX6FV7SG,622.6879
ID_L5TFK1K76NVV,328.7695
ID_9CP641SBWCAY,96.96687
ID_GCL2HBCVD3GT,675.34607
ID_9TSTSM29ITZV,1485.9092
ID_L9B0F5XY5C0Q,811.4478
ID_CB1C6HBQXD06,464.56778
ID_HKJ98YOILTWN,1513.8914
ID_5TPFAMIJT35T,814.90656
ID_17C2BIFXGXAB,316.56937
ID_ZY0FDD05Q344,242.00845
ID_XXKL2UKB6T7P,1112.1871
ID_RMQ5T81PW81J,548.7268
ID_I1KFYFIUMBBQ,438.0737
ID_1C1WGJ4TLP0X,263.61795
ID_E5OL8AHYNIRQ,569.9104
ID_XKJ6NPCU23KQ,401.7159
ID_H2LK19RTKLBN,328.80814
ID_8SXD7K2XR4Y2,366.20938
ID_R6PS7QO3TIP3,808.6574
ID_7Z26WTZTG1EE,248.20149
ID_NVW1KES21JE6,661.8115
ID_KZQ5Q7QITN1J,579.99524
ID_0GK554F5HSPQ,2489.8435
ID_CA5E6O3YBPYR,245.76978
ID_NTRTGR2IP7JQ,656.0972
ID_062VNY633NVW,683.723
ID_465NN80WHNMI,384.77975
ID_T52DNN3DYVA2,351.9142
ID_CM0W1BO8Z7YV,459.1282
ID_YV087R41HIW6,543.9572
ID_VT6TAOGORN0T,1177.3951
ID_030L0XB0GEPB,288.12527
ID_YECW50OR7NEH,298.56366
ID_5W7NWNYH7DA2,225.69974
ID_I2AKJ4TGA3JS,394.93695
ID_LMSXY4W2OCHC,434.56766
ID_W1EWJ1KHVFWL,700.60266
ID_3ABZTY079K5J,1780.5735
ID_4PEE9P8ISN4T,1330.6512
ID_DZD2PTXBQ36C,208.13757
ID_VRDCKGL60J4S,1510.7173
ID_W300Q133BITD,174.7624
ID_BGPCJWWGLRAD,1607.2716
ID_2VD5AHGUA8FZ,186.223
ID_N2YHCFW8BCW1,298.82355
ID_KD26RV3Q4Z8G,376.93716
ID_B4L9RE7NMY7S,824.4564
ID_BN9X6GP81HB7,57.040565
ID_Y6GNK64VJEAR,449.21646
ID_PE586K2WC823,271.96902
ID_WL15S18OVHW9,1622.8312
ID_5R6L97XFBM4P,627.53094
ID_55YCU1CHAZYU,1828.9083
ID_WNGH3FP6KNWH,1251.493
ID_9JR09YWTJIPX,699.89655
ID_870NP4IDB2WF,386.1277
ID_X6ZCELIES4N3,770.41406
ID_S0Z4WELW3RKE,866.24646
ID_I1M86V2XW3NU,650.19446
ID_PR25E8LGMX5C,447.2495
ID_5RGXU5KZER2O,897.21716
ID_N3OWXZ0A4PQ2,643.60785
ID_BUYPSV8J9VX4,939.4141
ID_ZLJBGWFNKT3F,446.1024
ID_E3U792EGWSOZ,140.91202
ID_KQE4T2DIGF73,298.70514
ID_FIOW6R8A6TD9,2203.6125
ID_6NHV395NXUMO,829.537
ID_DLLQTLGA5BZ7,197.46446
ID_12090DS3ONFO,323.80594
ID_84WRYZXSNB5W,317.6993
ID_5IHINMMQ33HN,781.4512
ID_Q3TSBO3V5MV0,727.54236
ID_ADC7FBDIRB67,333.51724
ID_YFVLB2MLINSA,762.7228
ID_0M2B2IU08JHG,522.5485
ID_V9K16K3JJ64W,126.16926
ID_T0APDRNZ2PUP,880.4327
ID_UD6Y4DW52N30,333.8859
ID_CPN4N1LLQUYZ,238.9361
ID_NBZ50NSHWKX4,1106.0566
ID_JOBTZIGNUJYW,107.82124
ID_QIXJYAUTNLGR,581.7522
ID_AX9K1UFBM90G,163.23125
ID_FDDURNIJQYRF,1103.7882
ID_LVNQ4RR7Z5M9,600.24896
ID_UYQMXTUWGEX3,370.90683
ID_GXYT79NRDUCC,310.96887
ID_9GC9RL0156TI,447.8955
ID_65R1QHRZPXV4,215.19887
ID_61D172EINVHM,298.4025
ID_YTRIQ7CPL06G,267.64603
ID_SWBH0D832EJH,514.87616
ID_JI6G3OYFQJKY,457.69165
ID_D2P1PLCDCW6C,778.50903
ID_4HZATY2UQP7J,741.47034
ID_I13HAXROQ8ZI,363.01028
ID_EBWZ4DITBMRT,1021.9709
ID_46V1XAD0HNM4,199.60043
ID_7F0Y5BH75MA1,249.79994
ID_8KDNAENIPD6O,317.16165
ID_31557CM50TT0,92.91185
ID_1H73ZV2DGAJS,675.7268
ID_MQBQ7Y3DAME9,607.92334
ID_FABZ5F40A430,1107.9525
ID_ARH65MSJKMXQ,315.99603
ID_NZAYF5EC84XF,804.1262
ID_8KTFQU943U8U,722.0395
ID_HOOPMK98RDVW,543.9707
ID_6NKRHFXDAL2W,199.79646
ID_3Y0E2QZSY8BE,404.53873
ID_7RBTQWOKF593,217.68028
ID_G32EHA5H8KCH,103.847786
ID_FP8GAONCAYON,229.86874
ID_Q1YRG5JLSL51,660.848
ID_LUEHBMKN3WSS,404.3276
ID_8CR2PDGM6RTS,783.7242
ID_UISG39MBLWG7,472.73752
ID_ZFX52PINM9TI,251.77539
ID_AV8EYUEUUBVA,159.67183
ID_LDK0UP6ZOTQS,749.593
ID_Y71AZZAYF00N,353.51154
ID_IAA19P3EN9DF,317.1942
ID_M8ZJ8397H56M,898.7865
ID_2LVL6QWBY48W,1409.2762
ID_66A871THV43V,629.1252
ID_K9CFTOS3JA2N,347.24075
ID_SN7U1P14V2N3,467.97955
ID_68RW49FF7NF2,433.46017
ID_1BYE6Z8W58NR,443.92596
ID_DGIYN4VXFWW3,404.04248
ID_I13X0T9TWG4N,813.85516
ID_7HE2NP9ZDI7E,538.0234
ID_PKX1BWJLKKF1,416.30206
ID_FGCBRPH417HI,300.9205
ID_XZHCQ2UL7EQB,730.74023
ID_3F60G7BTKL3E,390.82773
ID_X8UKDAZNQLE5,178.51617
ID_WF21DZJQ0MEZ,440.83087
ID_2JORBK01S76Z,388.96356
ID_N40FQ79VCRBZ,350.2312
ID_GTLFKV861ATM,401.73196
ID_27Y0YW3K0RMP,562.3602
ID_WV5M56G6J46P,315.01843
ID_2A6AX6F5M2R3,242.05577
ID_O1WA343Z0Y3Q,405.08554
ID_5RO8TLZHVZ4U,367.25055
ID_WNL0HEE8FNAX,768.57605
ID_KRAHFXWUE34U,585.4287
ID_B0BZ87T7Z4G1,590.45215
ID_EF8RZ2A57MOF,317.17368
ID_CKZAYHVYDNOH,312.8897
ID_24T2915PUUBL,593.9849
ID_9N44D14F4Z9S,1441.8895
ID_4QI2PK16L4W8,326.91647
ID_5GSE1ZV2KZ36,375.32748
ID_30MYYJ3CGU71,225.13728
ID_R0ZZ2K2C4IFQ,282.36218
ID_SRSO7ZIVRHMS,516.76715
ID_ADMXQ913LY99,337.11948
ID_PS7YQR14G3Y3,721.32117
ID_MZEO9V8999MJ,1875.047
ID_LUGALDGQDU2C,351.40823
ID_6E0LFWNRDDBC,511.39108
ID_BH392O5O9YIJ,310.25146
ID_VP4R17PGR7PT,1243.5596
ID_Z584MTBFZM57,120.90685
ID_FMP63TJMIYD2,234.50703
ID_0VVXHZNBFV7K,427.0615
ID_R3G02LS8GNA9,436.8544
ID_Y3HXNR6C9VPN,426.87988
ID_P2EI5WTDARVB,508.53806
ID_J81U1U9GRXMM,349.70206
ID_RUJ2JWO1H36Q,1142.4185
ID_D7KZIKGDA5TC,409.57086
ID_IXZVPO7I6GFT,442.3886
ID_DYEIPGE8LAWB,2070.0278
ID_YFXPGWLIF1JG,645.125
ID_M06RJHKBWY49,430.46484
ID_9AQXDJAJZEKV,532.3186
ID_W8K9BX9LC95X,888.10724
ID_QI5ZUDAWIO6B,494.02515
ID_UAUMCZMYYG50,658.91595
ID_MB0FWEMQZIS3,445.74033
ID_I3VLDTUXI8OU,785.39905
ID_FL43EATDHM0N,352.05817
ID_F8IKOUJWBLAS,426.36685
ID_MY6O19NPIVK6,1411.859
ID_XIRL5AT0PRFF,475.19595
ID_V770RBDE6Q4Y,578.3475
ID_0PZHH6TLV3CA,281.1879
ID_VWY9TZXSBA2I,1059.7969
ID_0IMHIJVZNH4F,310.69046
ID_J9R0XLLUEYV5,693.9823
ID_SXO3TLUQS06B,409.65598
ID_IIFWSOZJ87T8,315.4744
ID_003IQ6P16IU6,633.631
ID_8A4XDDFF9KES,601.28296
ID_ZADQ4EOPXZ5X,647.5696
ID_T3BJIT95VAK6,1055.1742
ID_9JBVPAY5SWE5,259.34235
ID_H69MYTOAOWGW,2473.5176
ID_KX131MVNIQYK,177.46555
ID_9TBIA2TY51SN,374.16635
ID_LSJ9Z973V7HY,300.77896
ID_1V7154B52Q1R,776.8655
ID_61T1B66LGY96,1080.2058
ID_6OMUQ7RGG9PB,251.70558
ID_UOP0YIGOD0C9,793.2454
ID_FUEPC3I8AGM6,306.50504
ID_9DZ2XHHCILE0,304.79074
ID_K31RQKN5YZGQ,133.61891
ID_5ONQKXWCPAYW,344.9262
ID_WTFWWIHRP8QJ,120.06111
ID_1DB4QAC6FY9E,147.37085
ID_JTN33DQWNP8S,340.56662
ID_URGC9CNXA7X5,383.27646
ID_TLCVMIUVHIDA,693.84924
ID_TUK3UTUY685M,332.72733
ID_C3CXY15NEROI,703.7319
ID_HLKXLS0FWIO3,314.01593
ID_3KYOCLW494ZU,546.55927
ID_ANAMG2154VTI,1088.3215
ID_RZYTYJZGW8V1,385.52676
ID_U0TE2JB46YOT,1566.122
ID_033YEZI2YTMN,319.44717
ID_M5MUL0OYJ521,273.6044
ID_GLNNBNCO2ZJT,347.46915
ID_5D0G39C74311,184.96608
ID_76NPV6TK8935,603.42267
ID_ZBDU7B15DZ06,837.8072
ID_7ZY916L3IR3J,540.37604
ID_NT49YSFTD1RL,190.0901
ID_JO5LMUSPDOE5,504.73203
ID_20WSYTHON01Q,153.72174
ID_29VL60799V4G,683.0494
ID_LWOVH2BGMAXM,745.1352
ID_U40UK9R0U769,833.2917
ID_GLMWDVQ0ZBSS,519.59937
ID_H9WPOE6GENMJ,498.75165
ID_D777FHIP8F1R,780.0628
ID_UE7JO485SVK6,112.67111
ID_KMUR984JCI6C,253.5266
ID_5UB63IBXG3O1,425.36295
ID_IP1S04YTUGT1,1018.5407
ID_UJAKLBHMJ3YD,670.03107
ID_W4V2VRY6V3ZG,305.35254
ID_UPWIMZ9NKMFX,568.14825
ID_TVYVXPBGSFUC,286.7469
ID_8WEKEFRVWLHJ,564.337
ID_9RLCRH7Q0PXK,387.55276
ID_02G01CVY8X2H,312.52472
ID_KE5BLNSCOGKB,842.4081
ID_9JNMULI0HP0P,1030.2222
ID_B8OSQ43TMBSR,571.82776
ID_PZWWJKYN923K,812.265
ID_834BS53CZ6LC,391.8126
ID_5BMWFG250JV4,532.3275
ID_LM22RNI83BJM,572.7107
ID_JQS59EY819HO,267.84833
ID_E43X5ED6NLU1,413.67554
ID_8UZSHKU5UT2V,854.8825
ID_DJ50AHYEIPZ0,883.26514
ID_R4NIIOESVN7T,1106.1085
ID_YKL207W57L0U,300.89908
ID_12P6RU298F9N,320.9249
ID_IZ6WTP5Z17WN,740.8186
ID_NZMFMBIC4FNF,241.999
ID_JLTDB0VTB0E7,275.49826
ID_17SQTC2HLKAE,442.29498
ID_I1X7CIDBKXZQ,242.63083
ID_PSSACU4V0O6O,585.6483
ID_V4HUIJ6F76SW,437.92175
ID_8COHYHKML3JP,982.8173
ID_JN4AX2B2C50G,123.59936
ID_TMJ0OO9Q2WOJ,1728.063
ID_C95LNL1M8H2N,834.9588
ID_RVPLXJ5UWB6O,245.04297
ID_TV9CCKV6IGN5,1575.2017
ID_K19V3I8YE12K,327.5697
ID_KGXUKFH4Y7YO,513.87164
ID_WJSH3NU9GIQB,5.2389827
ID_EQZ7H1WA78OS,227.01126
ID_1MKAKRVW5T92,274.8268
ID_PZFWOHDEYNGN,540.55945
ID_725LTZ95U1E1,670.222
ID_THK0MEQMKDUT,1098.0193
ID_RTQ01NMMKXYA,591.23145
ID_8B19FL2AJ194,222.52156
ID_D6RNJ17OIWWY,793.6605
ID_HUGK2Y59U7KJ,846.26447
ID_KWIMK8AMZF5A,669.15704
ID_UURMSVZDKKSF,774.0769
ID_2R9G9PQSADOM,305.93622
ID_BI9UDH99U450,278.582
ID_7ODW5MXTDNCG,730.074
ID_HWJ9WKS3IB5J,374.99484
ID_JGO7PWMYOMUB,588.1717
ID_MCQSOIZ5BXGC,182.53996
ID_J0X3K8DOSPYN,461.64386
ID_VGQJ4WYJJBAT,384.09503
ID_FHRVJDWVEWZK,710.27783
ID_YFDZZ7FAT8H7,737.888
ID_ZW6ZATUAC5CC,484.83063
ID_W0BWKL5E7PYH,1178.0819
ID_9DJGFL3PX533,508.94092
ID_NYXDVDMQO20V,807.2754
ID_J9R96PPZPO32,870.0831
ID_03SHDKQD95XF,249.04926
ID_9UYFG0NC9QTM,721.6984
ID_PR26C0RSQ89H,720.4559
ID_KOOC7HGDZA0H,754.38464
ID_218WMH65G8WU,683.3755
ID_PRAU2EMQM87U,371.3399
ID_D6ZOJRHT0A7H,412.4764
ID_CITJ0RJ9ZAOC,754.5809
ID_TP5RXW7QXP2O,2377.664
ID_AZNDXJTYSGDF,305.33688
ID_78WJNL0RRA6U,761.3308
ID_TM6VWF7REIS6,1609.6244
ID_X3TVNO4XNHN5,792.5862
ID_3TDSR1D7HQ8T,737.8867
ID_82ZSQZQGLY1Y,441.88745
ID_8OKP01595X94,262.88452
ID_2OKINRRT0XL1,1856.7472
ID_DA98EJU0NT76,601.91974
ID_V17R17KYCDG3,574.90466
ID_OM42UEJQR618,239.23444
ID_646D2KBLNLC2,273.06143
ID_9RU7QWS0WIDP,786.6365
ID_PFFCHUW5O67L,541.47314
ID_ZSV9TC0UW5CK,442.26904
ID_MSYLCULH22KD,512.64264
ID_6ZA9ROTCTCTY,472.62863
ID_L0J7MCL12NR4,439.25253
ID_SCDUXWEDL6C6,738.29785
ID_7QHVYN5YJYAP,218.05739
ID_AUT5E4W1IF34,1339.1544
ID_7JO0TQWT9W8K,421.13455
ID_3UUBOUNG1CH8,208.3701
ID_4Z5JFK9VF762,296.98816
ID_3Z9LB1PGHP96,756.718
ID_D0X7IDGN74GR,405.30533
ID_BBY6G4GET31C,1503.5449
ID_PT5LBK4XRS89,484.6946
ID_Z6A67N4N3KEJ,2.8968399
ID_Y6D7U7R1ULMA,304.79065
ID_WQOUU960NDO4,286.5536
ID_XC7PSRE6WWFP,317.73486
ID_VF7NABSVT35U,600.7665
ID_25MZL6HIS26M,954.04663
ID_D86BC6U7FA2J,586.86334
ID_F4KMTFROJWL2,410.74503
ID_QK4YHF5UETBQ,332.0987
ID_XPAHSEI49TYN,1113.6086
ID_69F6K475WX7V,187.84111
ID_9WS9F7Z1CE3M,331.73978
ID_XJC8VVXC9TBX,537.2338
ID_CD5QDTLLZUPT,259.21634
ID_O80J4RH6LVDS,970.9655
ID_KWSKN3HTLPK2,179.43614
ID_5SKHT6NDFHJR,200.95988
ID_KPQYKBZGK6Q4,377.60168
ID_866ACQHJ1632,333.4005
ID_WX844ME5IT0M,52.36842
ID_AWNJ1KEP1QK1,1139.6888
ID_16ZJ7XNWB9ES,813.99023
ID_2NKYXQYFQQRX,349.57474
ID_DDQYDSPF4BXY,604.25555
ID_1KBQ8Z8QZOL3,1075.4392
ID_GJO67I9XF6AK,566.7414
ID_PCOF5INSVXM2,420.56625
ID_W5GMROHJ01RZ,252.61491
ID_WD6GCHMOFFZK,318.7425
ID_GF3NQ1FP4MXO,1224.4373
ID_FBQI3IPLIAAZ,314.7074
ID_BKRCXGDJI2ZU,416.21838
ID_WC5O6CA49JCT,284.0327
ID_TC771F4NXFD3,621.7983
ID_HQAI0KUSI7FX,795.21844
ID_E22MKA5X1C38,354.96915
ID_P4TXP8UNLQ5F,1.1318941
ID_7VFK2TR4EHCU,486.92615
ID_XIMWJDO2J9S2,104.08849
ID_1SFZQ86IVMCZ,1117.3148
ID_XNSVNT862EIR,1091.7275
ID_KEULJBL0QMMA,383.77365
ID_GEAJ29CHENIM,788.76227
ID_XDHNQQ1BMP4K,423.86087
ID_ZG8Y74HTDSKI,85.40658
ID_VUYOGM0KIABM,1324.3962
ID_U4XH4UTLQ5EO,340.12363
ID_M1TT1PZJYQX3,398.828
ID_DO1SCI0NAS39,620.1428
ID_PP2CV6NRSO3K,870.391
ID_6F4A688829M0,1213.1289
ID_67C7XJW5Z9AP,416.58572
ID_G9GXUSA0IV0D,311.43262
ID_0G0WQUKBXG47,415.32587
ID_6EWF22XJX21H,702.7783
ID_UIL7S6F6IKE8,404.00726
ID_O55OOUDQOKBE,1850.0593
ID_OKZW0FT04KAU,20.988556
ID_5QCE458KP8MH,405.20493
ID_K1MX59GNDLA3,851.4293
ID_XEAANBI4M6MP,783.1812
ID_7K7V374NL5QU,258.55713
ID_Q73O4J7PYNLD,1284.4666
ID_8X79S7L9FWUS,395.09393
ID_M97TRZBEVI0V,259.0471
ID_U9TU5QRVSIKV,584.0741
ID_PQPZ0AVV5HTH,873.48444
ID_1L6LU32N1HFC,173.65198
ID_UBZ21YSSVE0A,568.2227
ID_TFXFZIX00RA7,1267.1923
ID_32CMCT5XS364,349.15738
ID_E95XC4DYH26Y,35.185413
ID_S8ENYM45UWSC,2172.3533
ID_PU514SH6TUVR,150.47348
ID_RVEWUGCXQCNS,431.4948
ID_BG6I25RU4JV3,738.02734
ID_RNDBVA4NU0LW,365.32648
ID_H1GVVG7EF7WE,358.0037
ID_4VG5G0IN38WK,149.9093
ID_LI1DHO8DO7WH,296.30807
ID_K9IUCGCTABHD,539.6911
ID_COWCI2PI2LF9,117.780334
ID_0QE8PUWQKHFZ,707.7888
ID_MT3EUT7AX265,343.77625
ID_T69R1A784TNY,1396.435
ID_N4FRZ8SPSN61,344.47693
ID_DFIMHTLXA82W,847.2729
ID_BI4VNVU7JAXF,1939.9111
ID_6C9EUI1CKTQY,1283.2499
ID_V7R0PZU27LD7,406.5716
ID_NXHSZUCHTMO8,1010.5529
ID_PSSPKF9A2USI,804.0784
ID_M9XZ0NNGCXJE,294.8899
ID_3BJCEQIRMQTP,495.5233
ID_EWS2TOD7IJZI,1341.8763
ID_4N61JMVTUKQ5,270.4021
ID_B5NBU4COPYXW,467.33362
ID_ZS7CIFJ5G37Q,1827.6836
ID_X4E6NMBKJLQT,224.73856
ID_1OH68E5CL3NC,925.3513
ID_DNSUBE5MRZR8,1174.3728
ID_GHVXO83MCL6I,770.0441
ID_CQ0FBB1L5EY3,376.1343
ID_9PEPYSUTV8XP,618.87476
ID_CH40371WNU45,348.60248
ID_KREBTUJY9PUQ,396.81277
ID_AH2DHFW5Y7VZ,624.32544
ID_O2YSLD8B37UI,460.28076
ID_CGJLQRDMQGPI,426.7084
ID_ZIH4810LD2X4,396.52106
ID_1GUQ67PJHO6G,181.68428
ID_YO7NKY9DFON2,1412.5004
ID_H8DG3XXT4R3S,379.99036
ID_FD43UJOLYMFB,332.82965
ID_BQ8JTW0GEMB4,516.5271
ID_RA7TSCPF1HBL,451.25766
ID_HMSUJ88077KV,317.4144
ID_2K6CE567GZ7D,394.5254
ID_J0UYQQWYJDJ3,824.3602
ID_42YO171TPVHZ,856.217
ID_KMFDQQYDBS4X,486.5251
ID_EKKF7GLOX3SD,333.1302
ID_NA6TYX9PY21I,552.8907
ID_PA459A9AES6D,1806.6393
ID_ZHJ35MUIKDGT,718.813
ID_2KS148FT28VY,1005.40765
ID_ZP3Y1EOLD1XT,352.85632
ID_M202WZ18JHLM,681.8896
ID_O3CUG423MY9H,2825.8262
ID_JK4O5BTLDHTX,346.0403
ID_69E0GNTDT1LF,2318.7766
ID_RN3RLK50ETXN,529.1833
ID_PJ3QBFDFCBUV,328.98035
ID_WRU2ZQEZZA2A,1380.0234
ID_261VC80CL904,298.0263
ID_3PR5200O44QG,1367.922
ID_V315713I7M9M,435.22623
ID_WCBVJ74XU15K,544.5757
ID_ZXT4WUZLCMVH,411.9609
ID_GDU9BX84VUVE,1994.0629
ID_5JB3YMBM4T6O,370.60074
ID_KBAPVR46VC22,813.7983
ID_4IXICKTIPPLU,1113.3427
ID_AM94QK241VPE,2040.1732
ID_W12HOWGGSMS8,187.69775
ID_Q1G32KADTS51,244.66696
ID_V3JIA4P4668B,820.1419
ID_Y86K83ZPC3T4,390.90738
ID_K6M588093ONJ,414.4105
ID_8QKXNKEAI8U8,85.362854
ID_X7PUGW9NI1FI,332.7333
ID_VTIQSDY0X1FD,376.0556
ID_4VC1K7FA4J17,301.09216
ID_3GCDF7RV12BF,693.4001
ID_PSLVQKNWEZ0N,372.14874
ID_IGCX54TFOFX9,305.51633
ID_1SZ0EPKMQJ3L,453.75134
ID_RRLAI5EB891O,1479.9977
ID_ATRY9VIAPNBP,400.38837
ID_5LIP4CV5CHJ0,1050.6754
ID_ONHO680NIUHR,538.2929
ID_VTRB9ZYY4VI0,591.8941
ID_JAE3UP8KOYFO,419.26883
ID_I02Z7U56HMOO,585.4432
ID_RFXD3G5UO06W,1541.786
ID_1SQXKIK51IGW,266.8444
ID_T5UXJ5RC7PUZ,654.13165
ID_JM7G4MGZXPA4,508.06064
ID_6FF2BX4HPOG7,307.00128
ID_8UTWWHXEL9R5,860.3938
ID_3YJH7Z2OWJED,750.4618
ID_4BVYTNKO9YLK,1227.527
ID_KNDRB17VJJHN,218.52351
ID_PL3IRYM11FGQ,1031.2166
ID_33QXHWS7FFUE,770.35925
ID_2J04B9UGSZMQ,1006.17706
ID_ZJV6QMH0E1S2,713.39746
ID_3SY7ARGY3QVX,2018.1093
ID_KIAVLFCA0QAB,199.29776
ID_Q4EJVPZEZXGI,566.9112
ID_65605390LAS9,924.1324
ID_Y104K9OC8UGE,626.2492
ID_3K6WOEPF2FP8,753.2709
ID_LS72BPM71SR7,421.01544
ID_Y7TIOX2MBVN1,259.78012
ID_JM80BY34TODO,407.34958
ID_2WAZFPTIJ1OA,409.512
ID_T9YY5C8C1CBO,582.3433
ID_UPRSY14003PO,421.78964
ID_7XOLQOXF8MQB,443.19867
ID_I32E35Q5PL6J,1028.777
ID_22FO3O040DBN,544.74176
ID_2UXKSAJOCCUC,413.76895
ID_5GUT0JCPY47C,590.81226
ID_LID7SSDMXCW6,148.63094
ID_WCWCOJH95NFM,324.3311
ID_4DWQ8EGOZF76,435.87292
ID_SJE53PFBNDY4,583.8875
ID_MUP7H5EUQUYW,792.86584
ID_2G8S8FICGX1F,1103.2302
ID_T6X2E4LGICKT,247.29443
ID_2NBITHH2CMR2,473.54663
ID_IXO2IO18FTPN,940.55774
ID_35RBHZZG2K9S,585.3681
ID_5X3KT9OXDOCL,1031.9943
ID_EXX5T31QH9U4,604.29944
ID_LSZRIL56T47Z,1379.8033
ID_5ALLBTPE63BZ,1216.2882
ID_ZRT3VO9XJTOJ,599.9821
ID_IVZNV00VK1WF,149.07922
ID_STJDVR9FV5ZK,902.88385
ID_MUL2I0PV3WXF,538.205
ID_350HG62PKSV9,258.22433
ID_CFU1OS0WRIF1,453.3577
ID_E2X9RKRER7VN,461.40704
ID_FAXPVHA3GBDX,929.09094
ID_U20QSSM0WQCL,390.47607
ID_8STN6IQK6GRH,6.953529
ID_RRV0JV74KLEG,552.11774
ID_SV90TJDKZDBO,1932.2782
ID_VG3DNKAC70DB,401.99106
ID_N6VEVLWM0JUZ,839.395
ID_R6EAOP7SKH4P,913.38904
ID_WY1E27L1SF3F,665.49445
ID_S6Y3EIMQPINY,679.27985
ID_C6FGW58XYOOC,128.15463
ID_66ZQIE06VO23,578.6141
ID_OQGZLQDASMAM,306.02017
ID_O0VXS8F7E71M,255.5263
ID_RYWO2W04NGOQ,775.07513
ID_UQJV4MFOR1M5,380.85217
ID_4RF26BVNXYCE,1645.6128
ID_97BLKV6Q0HEL,2648.9705
ID_UBBEFJS5I0QH,220.11444
ID_1O85NFRVJWEG,622.95105
ID_IMHZWDBK0ADL,248.88582
ID_YP71ZG5HZP4L,591.7441
ID_EQYXNVKPIZ8S,326.28964
ID_IUMZ7HN2JIIN,520.57196
ID_TEYADZ461KBT,792.46405
ID_WBKUDZP701N9,559.9837
ID_QREVEZ4H807A,176.38908
ID_1FI6VLAJHF5I,1431.1724
ID_AGYQKZWO32LL,622.9541
ID_2AWB54BA84ZT,390.43436
ID_HT3K0J78M9RG,665.6154
ID_1Y0O3Y0QYTJS,620.43964
ID_ZKH62QGNMI1V,147.53293
ID_BJVKX6P2LOVK,750.32263
ID_RJG2AH2AUIN8,311.80255
ID_C1YRVYTDHBCI,352.32443
ID_1TJKPVFP9B3X,272.97784
ID_ENTHBKNB4R99,587.96765
ID_TY66I8PV70BN,180.87398
ID_6MMECMX3B728,1141.3158
ID_GZ9YGWCLLMKN,465.8089
ID_01YVA2LJVYBR,247.38832
ID_YQRL2IOUU4SZ,355.57938
ID_VAX2N8ELPEZE,346.12302
